"","Predicted","Original"
"1","No","No"
"2","Yes","Yes"
"3","Yes","No"
"4","Yes","Yes"
"5","Yes","Yes"
"6","No","No"
"7","Yes","Yes"
"8","Yes","No"
"9","No","Yes"
"10","Yes","No"
"11","Yes","Yes"
"12","Yes","Yes"
"13","Yes","No"
"14","No","Yes"
"15","Yes","No"
"16","Yes","Yes"
"17","No","No"
"18","Yes","Yes"
"19","Yes","Yes"
"20","Yes","Yes"
"21","No","No"
"22","Yes","Yes"
"23","Yes","Yes"
"24","No","Yes"
"25","No","Yes"
"26","No","No"
"27","No","No"
"28","Yes","No"
"29","Yes","Yes"
"30","Yes","Yes"
"31","Yes","Yes"
"32","Yes","No"
"33","No","Yes"
"34","No","No"
"35","Yes","Yes"
"36","No","Yes"
"37","No","Yes"
"38","Yes","Yes"
"39","Yes","Yes"
"40","Yes","No"
"41","Yes","No"
"42","Yes","No"
"43","No","Yes"
"44","No","No"
"45","No","No"
"46","Yes","Yes"
"47","Yes","Yes"
"48","No","No"
"49","Yes","Yes"
"50","No","No"
"51","No","Yes"
"52","Yes","Yes"
"53","No","No"
"54","Yes","Yes"
"55","No","No"
"56","Yes","Yes"
"57","No","No"
"58","Yes","Yes"
"59","Yes","No"
"60","Yes","Yes"
"61","Yes","Yes"
"62","No","Yes"
"63","Yes","No"
"64","Yes","No"
"65","Yes","Yes"
"66","No","No"
"67","Yes","No"
"68","No","Yes"
"69","No","No"
"70","No","No"
"71","No","Yes"
"72","No","Yes"
"73","Yes","No"
"74","No","No"
"75","No","Yes"
"76","No","No"
"77","No","No"
"78","Yes","Yes"
"79","No","No"
"80","No","No"
"81","Yes","No"
"82","Yes","Yes"
"83","Yes","Yes"
"84","No","No"
"85","Yes","Yes"
"86","No","No"
"87","No","No"
"88","Yes","Yes"
"89","Yes","No"
"90","No","Yes"
"91","No","No"
"92","Yes","Yes"
"93","No","No"
"94","No","No"
"95","No","No"
"96","Yes","Yes"
"97","No","No"
"98","Yes","Yes"
"99","No","No"
"100","No","No"
"101","No","No"
"102","No","No"
"103","Yes","No"
"104","No","No"
"105","Yes","Yes"
"106","Yes","No"
"107","Yes","No"
"108","Yes","Yes"
"109","No","Yes"
"110","No","No"
"111","No","Yes"
"112","Yes","No"
"113","No","Yes"
"114","Yes","Yes"
"115","No","Yes"
"116","No","Yes"
"117","No","Yes"
"118","Yes","No"
"119","No","No"
"120","Yes","Yes"
"121","No","No"
"122","No","No"
"123","No","Yes"
"124","No","No"
"125","Yes","Yes"
"126","Yes","Yes"
"127","Yes","Yes"
"128","No","Yes"
"129","No","No"
"130","Yes","Yes"
"131","Yes","Yes"
"132","No","No"
"133","Yes","Yes"
"134","No","Yes"
"135","No","No"
"136","Yes","Yes"
"137","Yes","No"
"138","No","No"
"139","No","Yes"
"140","Yes","No"
"141","No","No"
"142","Yes","Yes"
"143","Yes","No"
"144","Yes","Yes"
"145","No","Yes"
"146","Yes","No"
"147","No","No"
"148","Yes","Yes"
"149","No","No"
"150","No","No"
"151","Yes","Yes"
"152","No","Yes"
"153","Yes","No"
"154","No","No"
"155","No","Yes"
"156","Yes","No"
"157","Yes","Yes"
"158","Yes","Yes"
"159","Yes","Yes"
"160","No","No"
"161","No","Yes"
"162","No","No"
"163","Yes","No"
"164","No","Yes"
"165","Yes","No"
"166","Yes","Yes"
"167","No","No"
"168","Yes","No"
"169","Yes","Yes"
"170","No","No"
"171","No","No"
"172","Yes","Yes"
"173","No","No"
"174","Yes","Yes"
"175","Yes","No"
"176","No","No"
"177","No","No"
"178","No","No"
"179","No","Yes"
"180","Yes","No"
"181","No","Yes"
"182","No","No"
"183","Yes","Yes"
"184","Yes","Yes"
"185","No","No"
"186","No","No"
"187","No","No"
"188","No","No"
"189","Yes","Yes"
"190","No","No"
"191","Yes","Yes"
"192","No","Yes"
"193","No","No"
"194","No","No"
"195","Yes","No"
"196","Yes","No"
"197","No","No"
"198","No","No"
"199","Yes","No"
"200","No","No"
"201","No","No"
"202","No","Yes"
"203","No","No"
"204","Yes","Yes"
"205","No","Yes"
"206","No","No"
"207","No","Yes"
"208","No","No"
"209","No","No"
"210","Yes","Yes"
"211","No","No"
"212","Yes","Yes"
"213","No","No"
"214","No","No"
"215","No","Yes"
"216","Yes","Yes"
"217","No","No"
"218","Yes","Yes"
"219","No","No"
"220","No","No"
"221","No","No"
"222","No","No"
"223","Yes","Yes"
"224","Yes","Yes"
"225","No","No"
"226","Yes","No"
"227","No","Yes"
"228","Yes","Yes"
"229","No","Yes"
"230","No","Yes"
"231","Yes","No"
"232","No","No"
"233","Yes","No"
"234","No","No"
"235","Yes","No"
"236","No","No"
"237","Yes","No"
"238","No","No"
"239","Yes","Yes"
"240","Yes","Yes"
"241","Yes","No"
"242","No","Yes"
"243","Yes","Yes"
"244","Yes","Yes"
"245","No","Yes"
"246","Yes","No"
"247","No","No"
"248","No","No"
"249","Yes","Yes"
"250","Yes","Yes"
"251","Yes","Yes"
"252","No","No"
"253","Yes","No"
"254","Yes","No"
"255","No","No"
"256","No","Yes"
"257","Yes","Yes"
"258","Yes","Yes"
"259","No","No"
"260","Yes","Yes"
"261","No","Yes"
"262","Yes","Yes"
"263","Yes","No"
"264","No","No"
"265","Yes","Yes"
"266","No","Yes"
"267","Yes","No"
"268","Yes","No"
"269","No","Yes"
"270","Yes","Yes"
"271","Yes","Yes"
"272","Yes","No"
"273","Yes","Yes"
"274","No","Yes"
"275","No","No"
"276","Yes","Yes"
"277","No","Yes"
"278","Yes","Yes"
"279","No","No"
"280","Yes","No"
"281","No","Yes"
"282","Yes","No"
"283","No","Yes"
"284","No","Yes"
"285","Yes","No"
"286","No","No"
"287","No","Yes"
"288","No","Yes"
"289","Yes","Yes"
"290","Yes","Yes"
"291","No","No"
"292","No","Yes"
"293","No","No"
"294","No","Yes"
"295","Yes","No"
"296","Yes","No"
"297","No","No"
"298","No","Yes"
"299","Yes","Yes"
"300","No","Yes"
"301","No","Yes"
"302","No","Yes"
"303","Yes","Yes"
"304","No","No"
"305","No","No"
"306","No","Yes"
"307","Yes","No"
"308","Yes","Yes"
"309","No","Yes"
"310","Yes","No"
"311","No","No"
"312","Yes","Yes"
"313","No","Yes"
"314","No","No"
"315","Yes","Yes"
"316","Yes","Yes"
"317","Yes","No"
"318","Yes","No"
"319","Yes","Yes"
"320","No","No"
"321","Yes","Yes"
"322","No","No"
"323","Yes","No"
"324","Yes","Yes"
"325","No","Yes"
"326","Yes","Yes"
"327","No","No"
"328","Yes","Yes"
"329","No","Yes"
"330","No","Yes"
"331","No","No"
"332","No","Yes"
"333","No","No"
"334","Yes","No"
"335","No","No"
"336","No","Yes"
"337","Yes","Yes"
"338","Yes","No"
"339","Yes","Yes"
"340","No","No"
"341","Yes","Yes"
"342","No","No"
"343","No","Yes"
"344","No","No"
"345","Yes","Yes"
"346","Yes","No"
"347","No","No"
"348","Yes","No"
"349","Yes","Yes"
"350","No","Yes"
"351","No","Yes"
"352","Yes","Yes"
"353","Yes","No"
"354","Yes","Yes"
"355","No","No"
"356","Yes","Yes"
"357","Yes","No"
"358","No","No"
"359","Yes","Yes"
"360","Yes","No"
"361","No","Yes"
"362","No","No"
"363","No","No"
"364","Yes","Yes"
"365","Yes","No"
"366","No","No"
"367","No","Yes"
"368","No","No"
"369","Yes","No"
"370","No","Yes"
"371","No","No"
"372","No","No"
"373","No","No"
"374","No","Yes"
"375","Yes","No"
"376","No","Yes"
"377","Yes","Yes"
"378","Yes","Yes"
"379","No","No"
"380","Yes","Yes"
"381","Yes","No"
"382","No","Yes"
"383","Yes","Yes"
"384","No","No"
"385","No","Yes"
"386","Yes","Yes"
"387","Yes","Yes"
"388","No","No"
"389","No","No"
"390","Yes","No"
"391","Yes","Yes"
"392","No","Yes"
"393","No","Yes"
"394","Yes","No"
"395","No","Yes"
"396","Yes","Yes"
"397","No","No"
"398","Yes","Yes"
"399","Yes","No"
"400","Yes","Yes"
"401","No","No"
"402","Yes","Yes"
"403","Yes","No"
"404","No","No"
"405","Yes","Yes"
"406","Yes","Yes"
"407","No","No"
"408","Yes","No"
"409","No","No"
"410","No","Yes"
"411","Yes","Yes"
"412","No","No"
"413","Yes","Yes"
"414","Yes","Yes"
"415","No","No"
"416","No","No"
"417","No","Yes"
"418","No","Yes"
"419","No","Yes"
"420","No","Yes"
"421","No","Yes"
"422","No","No"
"423","Yes","Yes"
"424","No","Yes"
"425","No","No"
"426","Yes","Yes"
"427","No","No"
"428","No","Yes"
"429","No","No"
"430","Yes","Yes"
"431","No","Yes"
"432","Yes","No"
"433","No","No"
"434","Yes","Yes"
"435","No","No"
"436","Yes","No"
"437","Yes","No"
"438","No","Yes"
"439","Yes","No"
"440","No","Yes"
"441","Yes","Yes"
"442","No","No"
"443","Yes","No"
"444","No","No"
"445","No","Yes"
"446","Yes","Yes"
"447","Yes","No"
"448","Yes","Yes"
"449","Yes","Yes"
"450","No","No"
"451","No","No"
"452","No","No"
"453","No","Yes"
"454","No","Yes"
"455","Yes","Yes"
"456","No","Yes"
"457","Yes","Yes"
"458","Yes","Yes"
"459","No","No"
"460","No","No"
"461","Yes","No"
"462","No","No"
"463","No","No"
"464","No","No"
"465","No","Yes"
"466","No","No"
"467","Yes","No"
"468","Yes","No"
"469","Yes","No"
"470","Yes","No"
"471","No","Yes"
"472","Yes","Yes"
"473","No","Yes"
"474","Yes","Yes"
"475","No","No"
"476","No","Yes"
"477","No","No"
"478","Yes","Yes"
"479","Yes","Yes"
"480","No","No"
"481","No","Yes"
"482","No","Yes"
"483","Yes","No"
"484","No","No"
"485","No","No"
"486","No","Yes"
"487","No","No"
"488","Yes","Yes"
"489","Yes","Yes"
"490","Yes","Yes"
"491","No","Yes"
"492","Yes","Yes"
"493","No","No"
"494","No","Yes"
"495","No","Yes"
"496","Yes","No"
"497","Yes","Yes"
"498","No","Yes"
"499","Yes","Yes"
"500","Yes","Yes"
"501","No","Yes"
"502","Yes","No"
"503","No","No"
"504","Yes","Yes"
"505","No","Yes"
"506","Yes","Yes"
"507","Yes","Yes"
"508","No","No"
"509","No","Yes"
"510","Yes","Yes"
"511","Yes","Yes"
"512","No","Yes"
"513","No","No"
"514","No","No"
"515","Yes","Yes"
"516","Yes","Yes"
"517","Yes","No"
"518","Yes","Yes"
"519","Yes","Yes"
"520","Yes","Yes"
"521","No","No"
"522","No","No"
"523","No","No"
"524","No","No"
"525","No","No"
"526","No","No"
"527","No","Yes"
"528","No","Yes"
"529","Yes","No"
"530","No","No"
"531","No","No"
"532","Yes","Yes"
"533","No","No"
"534","No","No"
"535","No","Yes"
"536","No","No"
"537","No","Yes"
"538","No","No"
"539","No","No"
"540","No","No"
"541","No","No"
"542","Yes","No"
"543","No","Yes"
"544","No","Yes"
"545","Yes","No"
"546","No","Yes"
"547","Yes","Yes"
"548","Yes","Yes"
"549","Yes","No"
"550","Yes","Yes"
"551","No","No"
"552","No","No"
"553","No","No"
"554","Yes","Yes"
"555","Yes","No"
"556","No","No"
"557","No","Yes"
"558","No","No"
"559","No","No"
"560","No","No"
"561","Yes","No"
"562","No","Yes"
"563","Yes","Yes"
"564","Yes","Yes"
"565","No","No"
"566","Yes","Yes"
"567","No","No"
"568","Yes","Yes"
"569","No","No"
"570","No","No"
"571","No","Yes"
"572","No","No"
"573","No","No"
"574","No","No"
"575","No","No"
"576","Yes","No"
"577","No","No"
"578","No","Yes"
"579","No","Yes"
"580","No","Yes"
"581","No","No"
"582","No","Yes"
"583","No","No"
"584","Yes","Yes"
"585","Yes","No"
"586","No","No"
"587","No","No"
"588","Yes","Yes"
"589","No","No"
"590","Yes","No"
"591","No","No"
"592","Yes","Yes"
"593","Yes","Yes"
"594","No","Yes"
"595","No","Yes"
"596","Yes","No"
"597","Yes","No"
"598","No","Yes"
"599","No","Yes"
"600","No","Yes"
"601","No","No"
"602","Yes","Yes"
"603","Yes","No"
"604","No","Yes"
"605","No","No"
"606","Yes","No"
"607","No","No"
"608","Yes","Yes"
"609","No","No"
"610","No","No"
"611","No","Yes"
"612","Yes","Yes"
"613","Yes","Yes"
"614","No","Yes"
"615","No","No"
"616","No","No"
"617","No","Yes"
"618","Yes","No"
"619","No","No"
"620","Yes","Yes"
"621","No","Yes"
"622","Yes","Yes"
"623","Yes","Yes"
"624","No","Yes"
"625","Yes","Yes"
"626","No","No"
"627","Yes","Yes"
"628","Yes","Yes"
"629","Yes","Yes"
"630","Yes","Yes"
"631","Yes","No"
"632","Yes","Yes"
"633","No","No"
"634","Yes","No"
"635","No","No"
"636","Yes","No"
"637","No","Yes"
"638","No","No"
"639","Yes","No"
"640","No","Yes"
"641","No","No"
"642","No","Yes"
"643","Yes","No"
"644","Yes","No"
"645","Yes","Yes"
"646","Yes","Yes"
"647","Yes","No"
"648","Yes","Yes"
"649","No","No"
"650","Yes","Yes"
"651","No","Yes"
"652","No","No"
"653","Yes","Yes"
"654","No","No"
"655","Yes","Yes"
"656","No","Yes"
"657","No","Yes"
"658","Yes","No"
"659","Yes","Yes"
"660","No","No"
"661","Yes","No"
"662","No","No"
"663","No","Yes"
"664","Yes","Yes"
"665","Yes","No"
"666","No","Yes"
"667","No","Yes"
"668","No","No"
"669","Yes","No"
"670","Yes","Yes"
"671","Yes","No"
"672","No","No"
"673","Yes","No"
"674","Yes","Yes"
"675","Yes","Yes"
"676","Yes","No"
"677","No","Yes"
"678","Yes","Yes"
"679","No","No"
"680","Yes","No"
"681","No","No"
"682","Yes","Yes"
"683","Yes","Yes"
"684","Yes","No"
"685","No","No"
"686","No","No"
"687","No","No"
"688","No","Yes"
"689","No","No"
"690","No","No"
"691","Yes","Yes"
"692","Yes","Yes"
"693","Yes","Yes"
"694","No","No"
"695","No","No"
"696","No","No"
"697","No","No"
"698","Yes","No"
"699","Yes","Yes"
"700","Yes","Yes"
"701","No","Yes"
"702","Yes","Yes"
"703","No","Yes"
"704","Yes","Yes"
"705","No","No"
"706","No","Yes"
"707","No","Yes"
"708","No","Yes"
"709","No","No"
"710","Yes","Yes"
"711","Yes","Yes"
"712","Yes","No"
"713","No","No"
"714","No","Yes"
"715","No","No"
"716","No","No"
"717","No","No"
"718","No","No"
"719","No","No"
"720","Yes","No"
"721","No","Yes"
"722","No","No"
"723","No","No"
"724","No","No"
"725","No","Yes"
"726","No","Yes"
"727","No","No"
"728","No","No"
"729","Yes","Yes"
"730","Yes","Yes"
"731","No","Yes"
"732","No","No"
"733","No","No"
"734","Yes","No"
"735","Yes","Yes"
"736","Yes","No"
"737","Yes","Yes"
"738","No","Yes"
"739","No","No"
"740","No","Yes"
"741","No","No"
"742","No","No"
"743","No","Yes"
"744","No","No"
"745","No","No"
"746","No","No"
"747","No","Yes"
"748","Yes","No"
"749","No","No"
"750","No","Yes"
"751","No","Yes"
"752","Yes","No"
"753","Yes","Yes"
"754","Yes","Yes"
"755","No","Yes"
"756","Yes","No"
"757","Yes","No"
"758","No","No"
"759","No","No"
"760","No","Yes"
"761","Yes","No"
"762","No","No"
"763","Yes","Yes"
"764","Yes","Yes"
"765","Yes","Yes"
"766","Yes","Yes"
"767","No","Yes"
"768","No","No"
"769","Yes","Yes"
"770","No","No"
"771","No","No"
"772","No","Yes"
"773","No","No"
"774","No","No"
"775","No","Yes"
"776","Yes","Yes"
"777","No","No"
"778","No","No"
"779","Yes","Yes"
"780","No","No"
"781","Yes","Yes"
"782","Yes","No"
"783","No","No"
"784","No","No"
"785","No","Yes"
"786","Yes","Yes"
"787","Yes","No"
"788","Yes","No"
"789","No","No"
"790","No","Yes"
"791","No","Yes"
"792","Yes","No"
"793","No","No"
"794","Yes","Yes"
"795","Yes","No"
"796","No","No"
"797","No","Yes"
"798","No","No"
"799","Yes","No"
"800","No","No"
"801","Yes","Yes"
"802","Yes","No"
"803","Yes","Yes"
"804","No","No"
"805","No","Yes"
"806","No","Yes"
"807","No","Yes"
"808","Yes","Yes"
"809","No","No"
"810","Yes","No"
"811","Yes","Yes"
"812","Yes","Yes"
"813","No","No"
"814","No","Yes"
"815","Yes","No"
"816","Yes","Yes"
"817","Yes","No"
"818","No","No"
"819","No","Yes"
"820","No","No"
"821","No","Yes"
"822","No","No"
"823","Yes","Yes"
"824","No","Yes"
"825","Yes","Yes"
"826","No","No"
"827","Yes","Yes"
"828","No","No"
"829","Yes","Yes"
"830","No","Yes"
"831","No","Yes"
"832","Yes","No"
"833","Yes","Yes"
"834","Yes","Yes"
"835","Yes","Yes"
"836","Yes","No"
"837","No","No"
"838","Yes","No"
"839","No","Yes"
"840","No","No"
"841","No","No"
"842","No","Yes"
"843","Yes","Yes"
"844","No","Yes"
"845","Yes","No"
"846","Yes","Yes"
"847","No","No"
"848","No","No"
"849","No","Yes"
"850","No","Yes"
"851","Yes","No"
"852","No","No"
"853","No","Yes"
"854","Yes","Yes"
"855","No","No"
"856","No","No"
"857","No","No"
"858","No","Yes"
"859","No","No"
"860","No","No"
"861","No","No"
"862","No","Yes"
"863","Yes","No"
"864","No","No"
"865","No","Yes"
"866","No","No"
"867","No","No"
"868","Yes","Yes"
"869","No","No"
"870","No","Yes"
"871","Yes","Yes"
"872","Yes","Yes"
"873","No","Yes"
"874","No","No"
"875","No","No"
"876","No","No"
"877","No","Yes"
"878","No","Yes"
"879","No","No"
"880","No","Yes"
"881","Yes","No"
"882","Yes","No"
"883","Yes","No"
"884","Yes","Yes"
"885","No","No"
"886","Yes","Yes"
"887","Yes","Yes"
"888","No","No"
"889","Yes","No"
"890","Yes","No"
"891","No","Yes"
"892","No","Yes"
"893","No","No"
"894","Yes","Yes"
"895","Yes","Yes"
"896","No","No"
"897","Yes","Yes"
"898","No","No"
"899","Yes","Yes"
"900","No","No"
"901","No","No"
"902","No","Yes"
"903","Yes","Yes"
"904","No","Yes"
"905","Yes","Yes"
"906","No","Yes"
"907","Yes","Yes"
"908","Yes","Yes"
"909","No","Yes"
"910","No","No"
"911","No","No"
"912","No","No"
"913","No","Yes"
"914","No","No"
"915","No","No"
"916","No","No"
"917","Yes","Yes"
"918","No","Yes"
"919","Yes","No"
"920","No","Yes"
"921","No","Yes"
"922","No","No"
"923","Yes","No"
"924","No","No"
"925","No","Yes"
"926","No","Yes"
"927","No","No"
"928","No","Yes"
"929","Yes","Yes"
"930","No","No"
"931","Yes","No"
"932","Yes","No"
"933","No","No"
"934","No","No"
"935","No","No"
"936","Yes","Yes"
"937","No","Yes"
"938","Yes","No"
"939","Yes","Yes"
"940","No","No"
"941","No","Yes"
"942","No","No"
"943","Yes","No"
"944","No","No"
"945","No","Yes"
"946","Yes","Yes"
"947","Yes","No"
"948","Yes","Yes"
"949","No","No"
"950","No","No"
"951","No","Yes"
"952","No","No"
"953","No","No"
"954","No","Yes"
"955","Yes","Yes"
"956","No","No"
"957","No","No"
"958","Yes","No"
"959","No","No"
"960","No","No"
"961","No","Yes"
"962","Yes","No"
"963","No","No"
"964","Yes","Yes"
"965","No","Yes"
"966","No","No"
"967","Yes","No"
"968","No","No"
"969","Yes","No"
"970","No","No"
"971","No","No"
"972","Yes","Yes"
"973","No","Yes"
"974","No","No"
"975","No","No"
"976","No","No"
"977","Yes","No"
"978","No","No"
"979","No","No"
"980","Yes","Yes"
"981","No","No"
"982","No","No"
"983","Yes","Yes"
"984","No","No"
"985","Yes","No"
"986","No","Yes"
"987","Yes","Yes"
"988","Yes","Yes"
"989","Yes","Yes"
"990","Yes","Yes"
"991","Yes","Yes"
"992","Yes","Yes"
"993","Yes","No"
"994","Yes","No"
"995","No","Yes"
"996","Yes","Yes"
"997","No","No"
"998","Yes","No"
"999","Yes","Yes"
"1000","No","No"
"1001","No","No"
"1002","Yes","Yes"
"1003","No","No"
"1004","No","Yes"
"1005","No","No"
"1006","No","No"
"1007","Yes","Yes"
"1008","Yes","No"
"1009","No","No"
"1010","Yes","Yes"
"1011","No","No"
"1012","Yes","Yes"
"1013","Yes","Yes"
"1014","No","Yes"
"1015","Yes","Yes"
"1016","Yes","Yes"
"1017","Yes","No"
"1018","Yes","Yes"
"1019","Yes","Yes"
"1020","Yes","Yes"
"1021","No","No"
"1022","No","No"
"1023","No","No"
"1024","No","No"
"1025","No","Yes"
"1026","Yes","No"
"1027","Yes","No"
"1028","Yes","No"
"1029","Yes","Yes"
"1030","No","No"
"1031","No","Yes"
"1032","Yes","Yes"
"1033","No","No"
"1034","Yes","Yes"
"1035","No","Yes"
"1036","No","No"
"1037","No","No"
"1038","No","No"
"1039","No","No"
"1040","Yes","Yes"
"1041","No","Yes"
"1042","Yes","No"
"1043","No","No"
"1044","No","No"
"1045","No","Yes"
"1046","No","No"
"1047","No","Yes"
"1048","No","Yes"
"1049","No","Yes"
"1050","No","Yes"
"1051","No","No"
"1052","Yes","No"
"1053","Yes","No"
"1054","Yes","Yes"
"1055","Yes","Yes"
"1056","No","No"
"1057","No","Yes"
"1058","Yes","Yes"
"1059","Yes","Yes"
"1060","No","No"
"1061","Yes","No"
"1062","Yes","Yes"
"1063","Yes","Yes"
"1064","Yes","Yes"
"1065","Yes","Yes"
"1066","No","No"
"1067","No","Yes"
"1068","Yes","Yes"
"1069","No","Yes"
"1070","No","No"
"1071","Yes","No"
"1072","Yes","No"
"1073","Yes","Yes"
"1074","No","Yes"
"1075","No","Yes"
"1076","Yes","No"
"1077","No","No"
"1078","No","No"
"1079","Yes","No"
"1080","Yes","No"
"1081","Yes","No"
"1082","Yes","Yes"
"1083","No","No"
"1084","Yes","Yes"
"1085","Yes","Yes"
"1086","No","No"
"1087","No","No"
"1088","No","No"
"1089","No","No"
"1090","No","No"
"1091","Yes","Yes"
"1092","No","Yes"
"1093","Yes","Yes"
"1094","Yes","Yes"
"1095","Yes","Yes"
"1096","No","Yes"
"1097","Yes","No"
"1098","Yes","Yes"
"1099","No","No"
"1100","No","No"
"1101","No","No"
"1102","Yes","No"
"1103","No","Yes"
"1104","No","No"
"1105","Yes","No"
"1106","No","Yes"
"1107","No","No"
"1108","No","Yes"
"1109","No","No"
"1110","Yes","Yes"
"1111","Yes","Yes"
"1112","No","No"
"1113","No","No"
"1114","Yes","Yes"
"1115","No","No"
"1116","No","Yes"
"1117","Yes","Yes"
"1118","No","No"
"1119","Yes","No"
"1120","No","No"
"1121","Yes","Yes"
"1122","No","No"
"1123","No","No"
"1124","Yes","Yes"
"1125","Yes","Yes"
"1126","No","Yes"
"1127","No","No"
"1128","No","No"
"1129","No","Yes"
"1130","Yes","No"
"1131","No","No"
"1132","Yes","Yes"
"1133","Yes","Yes"
"1134","Yes","Yes"
"1135","No","No"
"1136","No","No"
"1137","No","Yes"
"1138","Yes","No"
"1139","Yes","Yes"
"1140","No","Yes"
"1141","No","No"
"1142","No","No"
"1143","No","No"
"1144","Yes","No"
"1145","No","No"
"1146","Yes","Yes"
"1147","Yes","Yes"
"1148","Yes","Yes"
"1149","Yes","No"
"1150","No","No"
"1151","No","No"
"1152","No","No"
"1153","Yes","Yes"
"1154","Yes","Yes"
"1155","No","No"
"1156","No","Yes"
"1157","Yes","Yes"
"1158","Yes","No"
"1159","Yes","Yes"
"1160","No","No"
"1161","No","Yes"
"1162","No","No"
"1163","Yes","Yes"
"1164","Yes","No"
"1165","Yes","No"
"1166","No","No"
"1167","Yes","Yes"
"1168","No","No"
"1169","Yes","Yes"
"1170","No","No"
"1171","Yes","No"
"1172","No","Yes"
"1173","Yes","No"
"1174","Yes","No"
"1175","No","Yes"
"1176","No","Yes"
"1177","No","No"
"1178","Yes","Yes"
"1179","Yes","Yes"
"1180","Yes","No"
"1181","No","Yes"
"1182","No","Yes"
"1183","Yes","No"
"1184","Yes","Yes"
"1185","No","Yes"
"1186","No","No"
"1187","No","Yes"
"1188","Yes","No"
"1189","Yes","Yes"
"1190","Yes","No"
"1191","Yes","Yes"
"1192","No","Yes"
"1193","No","No"
"1194","No","No"
"1195","No","No"
"1196","No","No"
"1197","Yes","No"
"1198","No","No"
"1199","Yes","Yes"
"1200","Yes","Yes"
"1201","Yes","Yes"
"1202","No","Yes"
"1203","No","Yes"
"1204","Yes","Yes"
"1205","No","Yes"
"1206","No","Yes"
"1207","No","No"
"1208","No","Yes"
"1209","No","No"
"1210","No","No"
"1211","Yes","Yes"
"1212","No","Yes"
"1213","No","No"
"1214","No","Yes"
"1215","No","Yes"
"1216","Yes","No"
"1217","No","No"
"1218","Yes","Yes"
"1219","Yes","No"
"1220","Yes","Yes"
"1221","No","Yes"
"1222","Yes","Yes"
"1223","No","No"
"1224","No","No"
"1225","No","No"
"1226","No","No"
"1227","No","No"
"1228","Yes","Yes"
"1229","Yes","Yes"
"1230","Yes","Yes"
"1231","No","No"
"1232","Yes","Yes"
"1233","No","No"
"1234","No","Yes"
"1235","Yes","Yes"
"1236","No","No"
"1237","No","No"
"1238","No","No"
"1239","Yes","No"
"1240","No","Yes"
"1241","No","Yes"
"1242","No","No"
"1243","No","Yes"
"1244","Yes","Yes"
"1245","Yes","Yes"
"1246","Yes","No"
"1247","Yes","No"
"1248","Yes","No"
"1249","No","No"
"1250","Yes","Yes"
"1251","Yes","Yes"
"1252","Yes","Yes"
"1253","Yes","Yes"
"1254","Yes","Yes"
"1255","Yes","Yes"
"1256","No","Yes"
"1257","No","No"
"1258","No","Yes"
"1259","Yes","Yes"
"1260","No","Yes"
"1261","No","No"
"1262","No","No"
"1263","No","Yes"
"1264","Yes","No"
"1265","Yes","No"
"1266","Yes","Yes"
"1267","No","Yes"
"1268","Yes","Yes"
"1269","Yes","No"
"1270","No","No"
"1271","No","No"
"1272","Yes","Yes"
"1273","Yes","No"
"1274","No","Yes"
"1275","Yes","Yes"
"1276","No","No"
"1277","No","Yes"
"1278","Yes","Yes"
"1279","Yes","Yes"
"1280","Yes","Yes"
"1281","Yes","No"
"1282","Yes","No"
"1283","No","Yes"
"1284","Yes","Yes"
"1285","Yes","No"
"1286","Yes","No"
"1287","No","No"
"1288","Yes","Yes"
"1289","No","No"
"1290","Yes","No"
"1291","Yes","Yes"
"1292","Yes","No"
"1293","No","Yes"
"1294","No","No"
"1295","No","No"
"1296","Yes","Yes"
"1297","Yes","No"
"1298","No","No"
"1299","Yes","No"
"1300","No","Yes"
"1301","Yes","Yes"
"1302","No","Yes"
"1303","Yes","No"
"1304","Yes","No"
"1305","No","No"
"1306","Yes","Yes"
"1307","No","No"
"1308","No","No"
"1309","No","Yes"
"1310","Yes","Yes"
"1311","Yes","No"
"1312","Yes","Yes"
"1313","Yes","Yes"
"1314","No","No"
"1315","Yes","Yes"
"1316","Yes","Yes"
"1317","Yes","No"
"1318","Yes","Yes"
"1319","No","Yes"
"1320","Yes","No"
"1321","No","No"
"1322","No","No"
"1323","No","No"
"1324","Yes","Yes"
"1325","No","Yes"
"1326","No","No"
"1327","No","No"
"1328","No","No"
"1329","Yes","Yes"
"1330","No","No"
"1331","Yes","Yes"
"1332","Yes","Yes"
"1333","Yes","Yes"
"1334","Yes","Yes"
"1335","No","No"
"1336","Yes","No"
"1337","Yes","No"
"1338","No","No"
"1339","No","No"
"1340","No","No"
"1341","No","No"
"1342","No","No"
"1343","Yes","Yes"
"1344","Yes","No"
"1345","No","No"
"1346","Yes","Yes"
"1347","No","No"
"1348","Yes","No"
"1349","No","No"
"1350","Yes","Yes"
"1351","No","No"
"1352","No","No"
"1353","Yes","Yes"
"1354","No","No"
"1355","No","No"
"1356","No","No"
"1357","Yes","No"
"1358","Yes","Yes"
"1359","No","No"
"1360","Yes","No"
"1361","Yes","Yes"
"1362","No","No"
"1363","Yes","Yes"
"1364","Yes","Yes"
"1365","No","Yes"
"1366","No","Yes"
"1367","Yes","Yes"
"1368","No","Yes"
"1369","No","Yes"
"1370","No","No"
"1371","No","No"
"1372","No","No"
"1373","No","No"
"1374","Yes","No"
"1375","Yes","Yes"
"1376","No","Yes"
"1377","Yes","Yes"
"1378","Yes","Yes"
"1379","No","No"
"1380","No","Yes"
"1381","No","No"
"1382","Yes","No"
"1383","Yes","Yes"
"1384","Yes","Yes"
"1385","No","No"
"1386","No","No"
"1387","Yes","Yes"
"1388","No","Yes"
"1389","Yes","Yes"
"1390","Yes","Yes"
"1391","No","No"
"1392","Yes","No"
"1393","No","Yes"
"1394","Yes","Yes"
"1395","Yes","Yes"
"1396","Yes","No"
"1397","Yes","Yes"
"1398","No","Yes"
"1399","No","No"
"1400","No","No"
"1401","No","No"
"1402","Yes","No"
"1403","No","No"
"1404","No","No"
"1405","Yes","No"
"1406","No","No"
"1407","Yes","Yes"
"1408","Yes","Yes"
"1409","No","Yes"
"1410","Yes","Yes"
"1411","No","No"
"1412","Yes","No"
"1413","No","No"
"1414","Yes","Yes"
"1415","No","No"
"1416","Yes","Yes"
"1417","No","Yes"
"1418","Yes","Yes"
"1419","Yes","Yes"
"1420","No","No"
"1421","No","No"
"1422","No","No"
"1423","Yes","No"
"1424","Yes","No"
"1425","Yes","Yes"
"1426","No","Yes"
"1427","No","No"
"1428","No","No"
"1429","No","No"
"1430","No","No"
"1431","No","No"
"1432","Yes","Yes"
"1433","Yes","Yes"
"1434","Yes","No"
"1435","Yes","Yes"
"1436","No","No"
"1437","No","Yes"
"1438","Yes","Yes"
"1439","No","No"
"1440","No","No"
"1441","No","Yes"
"1442","No","No"
"1443","Yes","Yes"
"1444","No","Yes"
"1445","Yes","Yes"
"1446","No","Yes"
"1447","No","Yes"
"1448","No","Yes"
"1449","Yes","Yes"
"1450","Yes","Yes"
"1451","No","No"
"1452","Yes","Yes"
"1453","No","No"
"1454","No","No"
"1455","No","No"
"1456","Yes","Yes"
"1457","No","Yes"
"1458","No","No"
"1459","No","No"
"1460","No","Yes"
"1461","Yes","Yes"
"1462","Yes","No"
"1463","No","No"
"1464","No","No"
"1465","No","No"
"1466","Yes","Yes"
"1467","No","No"
"1468","Yes","Yes"
"1469","Yes","Yes"
"1470","Yes","Yes"
"1471","No","No"
"1472","Yes","Yes"
"1473","Yes","No"
"1474","No","Yes"
"1475","No","No"
"1476","No","No"
"1477","Yes","Yes"
"1478","No","Yes"
"1479","No","No"
"1480","Yes","Yes"
"1481","No","Yes"
"1482","No","No"
"1483","Yes","Yes"
"1484","No","No"
"1485","No","No"
"1486","Yes","Yes"
"1487","Yes","Yes"
"1488","No","Yes"
"1489","Yes","Yes"
"1490","Yes","No"
"1491","No","No"
"1492","No","No"
"1493","Yes","Yes"
"1494","Yes","No"
"1495","No","No"
"1496","No","Yes"
"1497","No","Yes"
"1498","No","Yes"
"1499","No","No"
"1500","No","No"
"1501","No","No"
"1502","No","No"
"1503","Yes","No"
"1504","No","No"
"1505","No","Yes"
"1506","No","Yes"
"1507","No","No"
"1508","Yes","No"
"1509","No","Yes"
"1510","Yes","Yes"
"1511","Yes","Yes"
"1512","No","Yes"
"1513","No","No"
"1514","No","No"
"1515","No","No"
"1516","No","No"
"1517","No","No"
"1518","No","Yes"
"1519","Yes","Yes"
"1520","Yes","Yes"
"1521","No","Yes"
"1522","No","No"
"1523","Yes","No"
"1524","Yes","Yes"
"1525","No","No"
"1526","Yes","Yes"
"1527","Yes","No"
"1528","No","Yes"
"1529","Yes","Yes"
"1530","Yes","Yes"
"1531","Yes","No"
"1532","Yes","No"
"1533","Yes","No"
"1534","No","Yes"
"1535","Yes","Yes"
"1536","No","No"
"1537","Yes","Yes"
"1538","No","No"
"1539","Yes","Yes"
"1540","Yes","Yes"
"1541","Yes","Yes"
"1542","Yes","Yes"
"1543","Yes","No"
"1544","Yes","Yes"
"1545","Yes","Yes"
"1546","No","No"
"1547","No","Yes"
"1548","No","No"
"1549","No","No"
"1550","No","Yes"
"1551","No","No"
"1552","Yes","Yes"
"1553","No","Yes"
"1554","No","No"
"1555","No","No"
"1556","Yes","Yes"
"1557","No","No"
"1558","Yes","Yes"
"1559","Yes","Yes"
"1560","No","No"
"1561","Yes","No"
"1562","No","No"
"1563","Yes","No"
"1564","Yes","No"
"1565","No","Yes"
"1566","No","Yes"
"1567","Yes","Yes"
"1568","Yes","Yes"
"1569","Yes","Yes"
"1570","No","Yes"
"1571","Yes","No"
"1572","No","Yes"
"1573","Yes","Yes"
"1574","Yes","No"
"1575","Yes","Yes"
"1576","Yes","Yes"
"1577","No","Yes"
"1578","No","Yes"
"1579","No","No"
"1580","No","Yes"
"1581","Yes","No"
"1582","Yes","Yes"
"1583","No","No"
"1584","Yes","No"
"1585","Yes","No"
"1586","Yes","No"
"1587","No","Yes"
"1588","Yes","No"
"1589","No","Yes"
"1590","No","Yes"
"1591","No","No"
"1592","Yes","Yes"
"1593","No","Yes"
"1594","No","Yes"
"1595","No","No"
"1596","No","No"
"1597","No","No"
"1598","No","No"
"1599","No","Yes"
"1600","Yes","No"
"1601","No","No"
"1602","No","No"
"1603","No","No"
"1604","No","Yes"
"1605","Yes","Yes"
"1606","No","No"
"1607","No","No"
"1608","Yes","No"
"1609","No","No"
"1610","No","Yes"
"1611","Yes","Yes"
"1612","No","No"
"1613","No","No"
"1614","Yes","Yes"
"1615","No","Yes"
"1616","Yes","Yes"
"1617","No","No"
"1618","Yes","Yes"
"1619","Yes","Yes"
"1620","No","No"
"1621","No","No"
"1622","No","No"
"1623","Yes","Yes"
"1624","No","Yes"
"1625","Yes","No"
"1626","Yes","Yes"
"1627","Yes","Yes"
"1628","No","Yes"
"1629","No","No"
"1630","Yes","Yes"
"1631","No","No"
"1632","No","No"
"1633","No","No"
"1634","No","No"
"1635","Yes","No"
"1636","Yes","Yes"
"1637","No","Yes"
"1638","Yes","Yes"
"1639","Yes","No"
"1640","Yes","Yes"
"1641","No","No"
"1642","No","No"
"1643","No","No"
"1644","No","No"
"1645","Yes","Yes"
"1646","No","No"
"1647","No","Yes"
"1648","No","Yes"
"1649","Yes","Yes"
"1650","Yes","Yes"
"1651","Yes","Yes"
"1652","Yes","No"
"1653","No","No"
"1654","Yes","No"
"1655","No","No"
"1656","Yes","Yes"
"1657","No","Yes"
"1658","Yes","No"
"1659","Yes","Yes"
"1660","No","No"
"1661","Yes","No"
"1662","Yes","No"
"1663","Yes","No"
"1664","Yes","Yes"
"1665","Yes","Yes"
"1666","Yes","Yes"
"1667","Yes","Yes"
"1668","Yes","No"
"1669","No","No"
"1670","Yes","No"
"1671","Yes","Yes"
"1672","Yes","Yes"
"1673","Yes","Yes"
"1674","No","No"
"1675","Yes","Yes"
"1676","No","Yes"
"1677","No","No"
"1678","No","No"
"1679","No","Yes"
"1680","Yes","Yes"
"1681","Yes","Yes"
"1682","Yes","Yes"
"1683","Yes","Yes"
"1684","Yes","Yes"
"1685","No","No"
"1686","Yes","Yes"
"1687","No","Yes"
"1688","Yes","Yes"
"1689","No","No"
"1690","No","No"
"1691","No","No"
"1692","No","No"
"1693","No","Yes"
"1694","No","No"
"1695","No","No"
"1696","No","Yes"
"1697","Yes","No"
"1698","Yes","Yes"
"1699","No","No"
"1700","Yes","Yes"
"1701","Yes","Yes"
"1702","No","Yes"
"1703","No","No"
"1704","Yes","Yes"
"1705","Yes","Yes"
"1706","No","No"
"1707","No","No"
"1708","Yes","No"
"1709","No","Yes"
"1710","Yes","No"
"1711","No","Yes"
"1712","No","Yes"
"1713","Yes","Yes"
"1714","No","Yes"
"1715","No","No"
"1716","No","No"
"1717","No","No"
"1718","No","No"
"1719","Yes","No"
"1720","Yes","No"
"1721","Yes","Yes"
"1722","Yes","No"
"1723","Yes","No"
"1724","Yes","No"
"1725","No","No"
"1726","Yes","Yes"
"1727","No","No"
"1728","No","Yes"
"1729","No","No"
"1730","Yes","Yes"
"1731","No","No"
"1732","Yes","No"
"1733","No","No"
"1734","No","Yes"
"1735","Yes","Yes"
"1736","No","No"
"1737","No","Yes"
"1738","No","No"
"1739","Yes","Yes"
"1740","Yes","Yes"
"1741","No","No"
"1742","No","No"
"1743","No","No"
"1744","No","No"
"1745","No","Yes"
"1746","Yes","No"
"1747","No","Yes"
"1748","No","No"
"1749","No","No"
"1750","No","Yes"
"1751","No","No"
"1752","No","Yes"
"1753","No","Yes"
"1754","No","No"
"1755","No","No"
"1756","No","No"
"1757","No","No"
"1758","No","Yes"
"1759","Yes","Yes"
"1760","No","No"
"1761","No","No"
"1762","Yes","No"
"1763","No","Yes"
"1764","Yes","Yes"
"1765","Yes","Yes"
"1766","Yes","Yes"
"1767","Yes","No"
"1768","Yes","No"
"1769","Yes","Yes"
"1770","No","Yes"
"1771","Yes","No"
"1772","Yes","Yes"
"1773","Yes","No"
"1774","No","No"
"1775","No","No"
"1776","Yes","Yes"
"1777","No","Yes"
"1778","No","No"
"1779","No","Yes"
"1780","No","Yes"
"1781","Yes","No"
"1782","Yes","Yes"
"1783","Yes","Yes"
"1784","Yes","No"
"1785","Yes","Yes"
"1786","Yes","Yes"
"1787","No","Yes"
"1788","Yes","No"
"1789","No","No"
"1790","No","No"
"1791","No","No"
"1792","Yes","Yes"
"1793","No","Yes"
"1794","No","No"
"1795","No","No"
"1796","No","Yes"
"1797","No","No"
"1798","Yes","No"
"1799","Yes","Yes"
"1800","Yes","Yes"
"1801","Yes","No"
"1802","Yes","Yes"
"1803","No","No"
"1804","Yes","No"
"1805","Yes","No"
"1806","Yes","No"
"1807","No","Yes"
"1808","No","Yes"
"1809","No","Yes"
"1810","No","No"
"1811","Yes","Yes"
"1812","Yes","No"
"1813","Yes","No"
"1814","No","No"
"1815","Yes","Yes"
"1816","Yes","Yes"
"1817","Yes","Yes"
"1818","Yes","Yes"
"1819","No","No"
"1820","No","No"
"1821","No","No"
"1822","Yes","No"
"1823","No","No"
"1824","No","No"
"1825","No","No"
"1826","No","No"
"1827","Yes","Yes"
"1828","Yes","No"
"1829","No","No"
"1830","No","No"
"1831","No","No"
"1832","No","No"
"1833","Yes","Yes"
"1834","No","No"
"1835","No","Yes"
"1836","Yes","Yes"
"1837","No","Yes"
"1838","Yes","Yes"
"1839","No","No"
"1840","No","Yes"
"1841","Yes","No"
"1842","No","No"
"1843","Yes","Yes"
"1844","No","No"
"1845","Yes","No"
"1846","No","No"
"1847","No","No"
"1848","No","No"
"1849","No","No"
"1850","No","No"
"1851","Yes","Yes"
"1852","Yes","No"
"1853","No","Yes"
"1854","Yes","No"
"1855","Yes","No"
"1856","No","No"
"1857","No","No"
"1858","Yes","No"
"1859","Yes","Yes"
"1860","Yes","Yes"
"1861","Yes","No"
"1862","Yes","Yes"
"1863","Yes","No"
"1864","No","No"
"1865","No","Yes"
"1866","No","Yes"
"1867","Yes","No"
"1868","No","No"
"1869","No","Yes"
"1870","Yes","Yes"
"1871","No","Yes"
"1872","Yes","Yes"
"1873","No","No"
"1874","Yes","No"
"1875","Yes","No"
"1876","No","No"
"1877","No","Yes"
"1878","No","Yes"
"1879","No","No"
"1880","No","No"
"1881","No","Yes"
"1882","Yes","Yes"
"1883","No","Yes"
"1884","No","No"
"1885","No","Yes"
"1886","Yes","No"
"1887","Yes","Yes"
"1888","Yes","Yes"
"1889","Yes","Yes"
"1890","Yes","Yes"
"1891","No","Yes"
"1892","No","No"
"1893","Yes","Yes"
"1894","Yes","Yes"
"1895","No","Yes"
"1896","No","No"
"1897","Yes","Yes"
"1898","Yes","Yes"
"1899","No","Yes"
"1900","No","Yes"
"1901","No","No"
"1902","Yes","Yes"
"1903","Yes","No"
"1904","Yes","Yes"
"1905","No","No"
"1906","Yes","No"
"1907","Yes","Yes"
"1908","No","Yes"
"1909","Yes","Yes"
"1910","No","Yes"
"1911","Yes","Yes"
"1912","Yes","Yes"
"1913","Yes","Yes"
"1914","Yes","Yes"
"1915","Yes","Yes"
"1916","No","Yes"
"1917","No","Yes"
"1918","No","No"
"1919","No","No"
"1920","Yes","No"
"1921","Yes","Yes"
"1922","No","No"
"1923","Yes","Yes"
"1924","No","No"
"1925","No","No"
"1926","Yes","Yes"
"1927","No","Yes"
"1928","No","No"
"1929","Yes","Yes"
"1930","No","No"
"1931","No","Yes"
"1932","No","No"
"1933","Yes","No"
"1934","No","No"
"1935","No","No"
"1936","Yes","Yes"
"1937","Yes","No"
"1938","Yes","Yes"
"1939","No","No"
"1940","Yes","Yes"
"1941","No","No"
"1942","No","No"
"1943","No","No"
"1944","Yes","No"
"1945","Yes","No"
"1946","Yes","Yes"
"1947","No","No"
"1948","No","No"
"1949","Yes","No"
"1950","No","No"
"1951","No","No"
"1952","No","Yes"
"1953","No","No"
"1954","Yes","Yes"
"1955","No","No"
"1956","Yes","Yes"
"1957","Yes","No"
"1958","No","Yes"
"1959","No","No"
"1960","Yes","Yes"
"1961","No","Yes"
"1962","No","No"
"1963","No","No"
"1964","No","No"
"1965","No","No"
"1966","No","Yes"
"1967","No","No"
"1968","Yes","No"
"1969","No","No"
"1970","No","No"
"1971","Yes","Yes"
"1972","Yes","Yes"
"1973","No","No"
"1974","No","No"
"1975","No","No"
"1976","Yes","No"
"1977","No","Yes"
"1978","Yes","Yes"
"1979","Yes","Yes"
"1980","No","Yes"
"1981","No","Yes"
"1982","No","Yes"
"1983","No","Yes"
"1984","No","No"
"1985","No","No"
"1986","No","Yes"
"1987","Yes","Yes"
"1988","No","No"
"1989","Yes","Yes"
"1990","Yes","No"
"1991","Yes","Yes"
"1992","No","Yes"
"1993","Yes","No"
"1994","No","Yes"
"1995","No","No"
"1996","No","No"
"1997","No","No"
"1998","Yes","Yes"
"1999","No","No"
"2000","No","No"
"2001","No","No"
"2002","Yes","Yes"
"2003","Yes","No"
"2004","No","No"
"2005","No","No"
"2006","No","Yes"
"2007","Yes","No"
"2008","No","No"
"2009","No","Yes"
"2010","Yes","Yes"
"2011","Yes","No"
"2012","Yes","Yes"
"2013","No","No"
"2014","No","No"
"2015","Yes","Yes"
"2016","No","No"
"2017","Yes","Yes"
"2018","No","No"
"2019","Yes","Yes"
"2020","Yes","Yes"
"2021","No","No"
"2022","No","No"
"2023","Yes","Yes"
"2024","No","No"
"2025","Yes","Yes"
"2026","No","Yes"
"2027","No","Yes"
"2028","No","No"
"2029","Yes","Yes"
"2030","No","No"
"2031","No","No"
"2032","No","Yes"
"2033","No","No"
"2034","Yes","Yes"
"2035","Yes","No"
"2036","Yes","Yes"
"2037","No","No"
"2038","Yes","Yes"
"2039","No","No"
"2040","Yes","No"
"2041","Yes","Yes"
"2042","No","No"
"2043","No","No"
"2044","Yes","Yes"
"2045","No","No"
"2046","Yes","Yes"
"2047","Yes","Yes"
"2048","No","Yes"
"2049","No","No"
"2050","Yes","Yes"
"2051","No","No"
"2052","No","No"
"2053","Yes","No"
"2054","No","Yes"
"2055","No","Yes"
"2056","Yes","No"
"2057","Yes","Yes"
"2058","No","Yes"
"2059","No","No"
"2060","No","No"
"2061","Yes","No"
"2062","No","Yes"
"2063","No","Yes"
"2064","Yes","No"
"2065","No","Yes"
"2066","Yes","Yes"
"2067","No","No"
"2068","Yes","No"
"2069","No","No"
"2070","No","No"
"2071","Yes","Yes"
"2072","No","No"
"2073","Yes","No"
"2074","Yes","No"
"2075","No","No"
"2076","No","No"
"2077","No","Yes"
"2078","Yes","Yes"
"2079","Yes","Yes"
"2080","No","No"
"2081","No","Yes"
"2082","No","Yes"
"2083","Yes","Yes"
"2084","No","No"
"2085","No","No"
"2086","Yes","Yes"
"2087","Yes","Yes"
"2088","Yes","Yes"
"2089","No","Yes"
"2090","No","No"
"2091","No","No"
"2092","Yes","Yes"
"2093","No","No"
"2094","No","No"
"2095","No","No"
"2096","Yes","Yes"
"2097","Yes","No"
"2098","Yes","No"
"2099","Yes","No"
"2100","Yes","Yes"
"2101","Yes","Yes"
"2102","No","No"
"2103","No","No"
"2104","No","Yes"
"2105","No","No"
"2106","No","No"
"2107","No","Yes"
"2108","No","Yes"
"2109","Yes","Yes"
"2110","Yes","Yes"
"2111","No","No"
"2112","No","No"
"2113","Yes","Yes"
"2114","Yes","No"
"2115","No","No"
"2116","No","Yes"
"2117","No","No"
"2118","No","No"
"2119","No","No"
"2120","No","No"
"2121","No","No"
"2122","No","Yes"
"2123","No","No"
"2124","No","Yes"
"2125","No","No"
"2126","No","Yes"
"2127","No","No"
"2128","Yes","Yes"
"2129","No","Yes"
"2130","Yes","No"
"2131","No","No"
"2132","No","Yes"
"2133","Yes","Yes"
"2134","No","Yes"
"2135","Yes","Yes"
"2136","Yes","Yes"
"2137","Yes","No"
"2138","Yes","No"
"2139","No","No"
"2140","No","No"
"2141","Yes","Yes"
"2142","Yes","No"
"2143","Yes","Yes"
"2144","Yes","No"
"2145","No","Yes"
"2146","Yes","Yes"
"2147","Yes","Yes"
"2148","Yes","Yes"
"2149","Yes","Yes"
"2150","Yes","Yes"
"2151","No","No"
"2152","No","No"
"2153","No","No"
"2154","Yes","Yes"
"2155","Yes","Yes"
"2156","No","No"
"2157","No","Yes"
"2158","No","No"
"2159","No","No"
"2160","Yes","No"
"2161","No","No"
"2162","Yes","No"
"2163","No","Yes"
"2164","Yes","Yes"
"2165","No","Yes"
"2166","Yes","Yes"
"2167","No","Yes"
"2168","No","No"
"2169","Yes","No"
"2170","No","No"
"2171","No","No"
"2172","Yes","No"
"2173","Yes","Yes"
"2174","No","No"
"2175","No","No"
"2176","Yes","Yes"
"2177","Yes","Yes"
"2178","No","No"
"2179","Yes","Yes"
"2180","Yes","Yes"
"2181","No","No"
"2182","Yes","Yes"
"2183","Yes","Yes"
"2184","Yes","Yes"
"2185","No","No"
"2186","No","Yes"
"2187","No","No"
"2188","Yes","Yes"
"2189","No","No"
"2190","No","Yes"
"2191","No","No"
"2192","No","No"
"2193","No","No"
"2194","No","Yes"
"2195","No","Yes"
"2196","No","No"
"2197","Yes","Yes"
"2198","Yes","No"
"2199","No","Yes"
"2200","Yes","Yes"
"2201","Yes","No"
"2202","Yes","No"
"2203","Yes","Yes"
"2204","No","Yes"
"2205","Yes","No"
"2206","No","Yes"
"2207","Yes","No"
"2208","Yes","Yes"
"2209","Yes","Yes"
"2210","No","No"
"2211","Yes","Yes"
"2212","No","Yes"
"2213","Yes","No"
"2214","No","No"
"2215","Yes","No"
"2216","No","No"
"2217","Yes","Yes"
"2218","No","No"
"2219","Yes","Yes"
"2220","No","No"
"2221","Yes","Yes"
"2222","No","No"
"2223","No","No"
"2224","Yes","Yes"
"2225","No","No"
"2226","No","No"
"2227","Yes","Yes"
"2228","No","Yes"
"2229","No","Yes"
"2230","No","No"
"2231","Yes","No"
"2232","No","No"
"2233","No","No"
"2234","No","No"
"2235","No","Yes"
"2236","No","No"
"2237","No","No"
"2238","Yes","Yes"
"2239","Yes","Yes"
"2240","Yes","Yes"
"2241","No","Yes"
"2242","No","No"
"2243","No","No"
"2244","Yes","Yes"
"2245","No","No"
"2246","Yes","Yes"
"2247","No","No"
"2248","No","Yes"
"2249","Yes","No"
"2250","Yes","Yes"
"2251","Yes","Yes"
"2252","Yes","Yes"
"2253","No","No"
"2254","Yes","Yes"
"2255","No","No"
"2256","No","No"
"2257","Yes","Yes"
"2258","Yes","No"
"2259","Yes","Yes"
"2260","No","Yes"
"2261","No","Yes"
"2262","No","No"
"2263","No","Yes"
"2264","No","No"
"2265","No","No"
"2266","Yes","No"
"2267","No","No"
"2268","Yes","Yes"
"2269","No","Yes"
"2270","No","No"
"2271","Yes","No"
"2272","No","No"
"2273","No","No"
"2274","Yes","No"
"2275","No","Yes"
"2276","Yes","No"
"2277","No","Yes"
"2278","No","No"
"2279","Yes","Yes"
"2280","No","No"
"2281","Yes","No"
"2282","No","No"
"2283","Yes","Yes"
"2284","No","Yes"
